代码,名称,当前价,回踩幅度,信号强度,操作建议,止损位
603028,赛福天,9.28,0.38%,70分,轻仓切入,9.0
002044,美年健康,5.9,-0.12%,70分,轻仓切入,5.76
002194,武汉凡谷,12.41,0.87%,70分,轻仓切入,12.12
603310,巍华新材,17.11,0.43%,70分,轻仓切入,16.72
600302,标准股份,9.79,0.37%,70分,轻仓切入,9.51
000571,新大洲A,5.85,0.53%,40分,试错观察,5.69
603602,纵横通信,13.89,0.71%,40分,试错观察,13.57
600078,澄星股份,14.53,1.27%,30分,试错观察,14.28
600476,湘邮科技,12.05,0.26%,30分,试错观察,11.9
601598,中国外运,6.25,1.21%,30分,试错观察,6.16
603956,威派格,5.94,0.63%,30分,试错观察,5.88
601677,明泰铝业,19.21,1.12%,100分,重点关注/一击必中,18.0
